"reactor_id","storage_condition","RNase_treated","day","target","concentration_technical_average","concentration_technical_standard_deviation","concentration_units"
"10R1F",10,"N",0,"MP1",1169818858.56972,19177072.6793776,"gc.ml"
"10R1F",10,"N",0,"NR1",305691.300935729,68370.9705292544,"gc.ml"
"10R1F",10,"N",0,"ORF",1653342.55837896,20630.3718965222,"gc.ml"
"10R1F",10,"N",1,"MP1",1084876826.90988,18622805.1949882,"gc.ml"
"10R1F",10,"N",1,"MP1",703783940.675418,58055623.1916032,"gc.ml"
"10R1F",10,"N",1,"NR1",371965.404794084,133528.194995745,"gc.ml"
"10R1F",10,"N",1,"ORF",1689627.50121901,315058.672229238,"gc.ml"
"10R1F",10,"N",10,"MP1",717743357.832163,29668596.9641482,"gc.ml"
"10R1F",10,"N",10,"MP1",359083573.584535,32678598.1489884,"gc.ml"
"10R1F",10,"N",10,"NR1",462457.942092045,6131.17227775399,"gc.ml"
"10R1F",10,"N",10,"ORF",1713774.41552665,281570.443270786,"gc.ml"
"10R1F",10,"N",14,"MP1",140799705.089764,23151749.2615279,"gc.ml"
"10R1F",10,"N",14,"NR1",423631.250916596,73007.5928918124,"gc.ml"
"10R1F",10,"N",14,"ORF",1224936.41194635,372552.676294846,"gc.ml"
"10R1F",10,"N",22,"MP1",800504228.533565,120854115.7376,"gc.ml"
"10R1F",10,"N",22,"MP1",670166574.576877,10190884.1433293,"gc.ml"
"10R1F",10,"N",22,"NR1",2693028.00614903,314760.028502974,"gc.ml"
"10R1F",10,"N",22,"ORF",1414822.11840014,73673.3503432844,"gc.ml"
"10R1F",10,"N",29,"MP1",381985847.869502,183363849.583937,"gc.ml"
"10R1F",10,"N",29,"NR1",2270057.17189232,260433.475373894,"gc.ml"
"10R1F",10,"N",29,"ORF",2607329.5366319,224103.933521618,"gc.ml"
"10R1F",10,"N",3,"MP1",831157335.222988,7118045.93613965,"gc.ml"
"10R1F",10,"N",3,"MP1",440351084.612361,50691909.9780485,"gc.ml"
"10R1F",10,"N",3,"NR1",81845.4906339368,26366.1643487176,"gc.ml"
"10R1F",10,"N",3,"ORF",1464266.87135802,22211.6374546874,"gc.ml"
"10R1F",10,"N",36,"MP1",298810071.990501,11329291.0732298,"gc.ml"
"10R1F",10,"N",36,"MP1",3052047.46552823,4305640.31703866,"gc.ml"
"10R1F",10,"N",36,"NR1",2210966.4798494,412259.662858972,"gc.ml"
"10R1F",10,"N",36,"ORF",1804309.05585602,18887.4302465944,"gc.ml"
"10R1F",10,"N",5,"MP1",177392548.762294,11789811.0385143,"gc.ml"
"10R1F",10,"N",5,"NR1",30886.0453740074,33072.8625381939,"gc.ml"
"10R1F",10,"N",5,"ORF",1337858.10924122,43990.0412805531,"gc.ml"
"10R1F",10,"N",7,"MP1",729005871.182429,207976275.438465,"gc.ml"
"10R1F",10,"N",7,"MP1",240921252.185438,67177285.943825,"gc.ml"
"10R1F",10,"N",7,"NR1",120164.005912848,4674.15224949146,"gc.ml"
"10R1F",10,"N",7,"ORF",1439072.50680078,68847.5506392058,"gc.ml"
"10R1U",10,"N",0,"MP1",637313994.884839,78771327.9257848,"gc.ml"
"10R1U",10,"Y",0,"MP1",214771287.999491,3251249.42982795,"gc.ml"
"10R1U",10,"N",0,"NR1",2256603.10859552,759239.18849481,"gc.ml"
"10R1U",10,"Y",0,"NR1",1571563.21240151,100419.800688986,"gc.ml"
"10R1U",10,"N",0,"ORF",1231323.04880187,75665.8592837182,"gc.ml"
"10R1U",10,"N",1,"MP1",737744806.225737,264360800.966515,"gc.ml"
"10R1U",10,"Y",1,"MP1",405909550.247932,207317973.541829,"gc.ml"
"10R1U",10,"N",1,"NR1",3004736.57533103,199361.13938705,"gc.ml"
"10R1U",10,"Y",1,"NR1",941754.310709084,172950.881426371,"gc.ml"
"10R1U",10,"N",1,"ORF",2180006.35795207,30015.1878000493,"gc.ml"
"10R1U",10,"Y",10,"MP1",42350376.4187858,13621650.1672296,"gc.ml"
"10R1U",10,"N",10,"MP1",204670308.077128,1788624.11747716,"gc.ml"
"10R1U",10,"N",10,"NR1",262457.186339137,16315.4205602603,"gc.ml"
"10R1U",10,"Y",10,"NR1",26777.3026193844,2067.56261551581,"gc.ml"
"10R1U",10,"N",10,"ORF",192686.155662129,31695.421314167,"gc.ml"
"10R1U",10,"N",14,"MP1",327408404.993804,244366637.627599,"gc.ml"
"10R1U",10,"Y",14,"MP1",27553223.6387379,8125392.49302454,"gc.ml"
"10R1U",10,"N",14,"NR1",201965.349361279,14322.926965261,"gc.ml"
"10R1U",10,"Y",14,"NR1",7500,0,"gc.ml"
"10R1U",10,"N",14,"ORF",122361.774343446,2672.53876494748,"gc.ml"
"10R1U",10,"N",22,"MP1",69267184.8239729,7685291.90388782,"gc.ml"
"10R1U",10,"Y",22,"MP1",4191004.24630535,188576.522243488,"gc.ml"
"10R1U",10,"N",22,"NR1",7500,0,"gc.ml"
"10R1U",10,"Y",22,"NR1",7500,0,"gc.ml"
"10R1U",10,"N",22,"ORF",13308.4479251325,114.668332820933,"gc.ml"
"10R1U",10,"N",29,"MP1",32132250.0720835,5709582.13996139,"gc.ml"
"10R1U",10,"Y",29,"MP1",23891543.0263377,4414536.38050933,"gc.ml"
"10R1U",10,"N",29,"NR1",7500,0,"gc.ml"
"10R1U",10,"Y",29,"NR1",7500,0,"gc.ml"
"10R1U",10,"N",29,"ORF",491.666485998278,271.057343951158,"gc.ml"
"10R1U",10,"N",3,"MP1",916053004.470804,125166570.266796,"gc.ml"
"10R1U",10,"Y",3,"MP1",731134823.238303,206058088.809354,"gc.ml"
"10R1U",10,"N",3,"NR1",2492454.26479451,3287721.28660089,"gc.ml"
"10R1U",10,"Y",3,"NR1",2801668.11535457,54413.8142904928,"gc.ml"
"10R1U",10,"N",3,"ORF",1815948.34937623,30325.1151639167,"gc.ml"
"10R1U",10,"N",36,"MP1",12823137.5734416,185470.347095338,"gc.ml"
"10R1U",10,"Y",36,"MP1",6106512.60148681,1504015.45619805,"gc.ml"
"10R1U",10,"N",36,"NR1",7500,0,"gc.ml"
"10R1U",10,"Y",36,"NR1",7500,0,"gc.ml"
"10R1U",10,"N",36,"ORF",1603.13740364575,205.477951163939,"gc.ml"
"10R1U",10,"N",5,"MP1",674805750.102301,24177240.045162,"gc.ml"
"10R1U",10,"Y",5,"MP1",109546445.167059,6886745.65322188,"gc.ml"
"10R1U",10,"N",5,"NR1",1451843.43242449,118343.05850451,"gc.ml"
"10R1U",10,"Y",5,"NR1",248164.168493486,42112.1665354654,"gc.ml"
"10R1U",10,"N",5,"ORF",690302.892401025,22952.6764116914,"gc.ml"
"10R1U",10,"N",7,"MP1",475319658.787788,66176260.2651179,"gc.ml"
"10R1U",10,"Y",7,"MP1",84122012.5402973,2703485.84711945,"gc.ml"
"10R1U",10,"N",7,"NR1",367413.186573415,32635.5796379527,"gc.ml"
"10R1U",10,"Y",7,"NR1",40263.2902373159,5721.15884347013,"gc.ml"
"10R1U",10,"N",7,"ORF",240984.171071461,1971.16594551576,"gc.ml"
"10R2F",10,"N",0,"MP1",411679972.517274,130336727.985911,"gc.ml"
"10R2F",10,"N",0,"NR1",566025.537873784,83639.9865354276,"gc.ml"
"10R2F",10,"Y",0,"NR1",291101.980670273,37750.7813856152,"gc.ml"
"10R2F",10,"N",0,"ORF",1495133.58711466,262444.803873072,"gc.ml"
"10R2F",10,"N",1,"MP1",167312109.997586,9869437.20830948,"gc.ml"
"10R2F",10,"N",1,"NR1",51902.2944706625,3968.64901486947,"gc.ml"
"10R2F",10,"Y",1,"NR1",370004.163209037,30892.9105103344,"gc.ml"
"10R2F",10,"N",1,"ORF",2009546.34076496,93385.7358957596,"gc.ml"
"10R2F",10,"N",10,"MP1",300838897.59787,3995518.59313104,"gc.ml"
"10R2F",10,"N",10,"NR1",1134594.10348788,173944.639166659,"gc.ml"
"10R2F",10,"Y",10,"NR1",452715.831645339,107292.918459269,"gc.ml"
"10R2F",10,"N",10,"ORF",1750075.20378529,121844.758962952,"gc.ml"
"10R2F",10,"N",14,"MP1",497689508.556717,14272198.4031457,"gc.ml"
"10R2F",10,"N",14,"NR1",3002380.85370988,224114.023053046,"gc.ml"
"10R2F",10,"Y",14,"NR1",309352.061477134,426883.27917124,"gc.ml"
"10R2F",10,"N",14,"ORF",2931161.69072106,111753.76276246,"gc.ml"
"10R2F",10,"N",22,"MP1",179925434.81151,15422369.4739139,"gc.ml"
"10R2F",10,"N",22,"NR1",589381.606025036,70850.5266919146,"gc.ml"
"10R2F",10,"Y",22,"NR1",305730.875056621,109672.598310031,"gc.ml"
"10R2F",10,"N",22,"ORF",1041590.6317479,1186340.88219064,"gc.ml"
"10R2F",10,"N",29,"MP1",267464588.504685,28770932.4749488,"gc.ml"
"10R2F",10,"N",29,"NR1",3141856.62757622,777107.14486331,"gc.ml"
"10R2F",10,"Y",29,"NR1",953761.860476194,990533.916514595,"gc.ml"
"10R2F",10,"N",29,"ORF",1458644.75878776,327340.74901496,"gc.ml"
"10R2F",10,"N",3,"MP1",327815232.571104,66268255.1962094,"gc.ml"
"10R2F",10,"N",3,"NR1",414721.420640031,2345.51690109683,"gc.ml"
"10R2F",10,"Y",3,"NR1",348147.573545045,426.118120167197,"gc.ml"
"10R2F",10,"N",3,"ORF",1928848.69230367,50944.6985770567,"gc.ml"
"10R2F",10,"N",36,"MP1",160531609.992739,4904972.6635488,"gc.ml"
"10R2F",10,"N",36,"NR1",2065445.14077272,1064958.35640094,"gc.ml"
"10R2F",10,"Y",36,"NR1",486058.463190272,53934.3827858682,"gc.ml"
"10R2F",10,"N",36,"ORF",1905647.56709538,67008.7340009851,"gc.ml"
"10R2F",10,"N",5,"MP1",285042925.951926,25350246.7294274,"gc.ml"
"10R2F",10,"N",5,"NR1",276356.043863123,89193.6708084838,"gc.ml"
"10R2F",10,"Y",5,"NR1",233005.37473424,30482.3681670116,"gc.ml"
"10R2F",10,"N",5,"ORF",1723590.94553143,150715.469686765,"gc.ml"
"10R2F",10,"N",7,"MP1",244386166.301134,8631896.4177148,"gc.ml"
"10R2F",10,"N",7,"NR1",282598.570193922,251113.67651129,"gc.ml"
"10R2F",10,"Y",7,"NR1",442504.950848984,76251.2885878878,"gc.ml"
"10R2F",10,"N",7,"ORF",1845409.80239687,46413.254130529,"gc.ml"
"10R2U",10,"N",0,"MP1",521422050.817005,37597074.4988055,"gc.ml"
"10R2U",10,"Y",0,"MP1",1072075886.65577,37532585.1321113,"gc.ml"
"10R2U",10,"N",0,"NR1",498082.073702658,135914.305475852,"gc.ml"
"10R2U",10,"Y",0,"NR1",2838613.92172526,126631.696063709,"gc.ml"
"10R2U",10,"N",0,"ORF",373417.074444086,274646.578538605,"gc.ml"
"10R2U",10,"N",1,"MP1",447474352.19776,114200846.932672,"gc.ml"
"10R2U",10,"Y",1,"MP1",962534268.626597,522651102.316626,"gc.ml"
"10R2U",10,"N",1,"NR1",555021.903441161,144887.468790873,"gc.ml"
"10R2U",10,"Y",1,"NR1",2624511.23668218,114969.771338184,"gc.ml"
"10R2U",10,"N",1,"ORF",675973.509351842,800061.616245952,"gc.ml"
"10R2U",10,"N",10,"MP1",289201351.224775,11717551.1037017,"gc.ml"
"10R2U",10,"Y",10,"MP1",221580785.261537,1281801.85158365,"gc.ml"
"10R2U",10,"N",10,"NR1",81261.6989148336,2242.25960769327,"gc.ml"
"10R2U",10,"Y",10,"NR1",186401.622169994,7254.49516036267,"gc.ml"
"10R2U",10,"N",10,"ORF",170433.525241324,1868.304514785,"gc.ml"
"10R2U",10,"N",14,"MP1",378535145.901959,63315330.6631475,"gc.ml"
"10R2U",10,"Y",14,"MP1",260670420.093192,11935787.9501359,"gc.ml"
"10R2U",10,"N",14,"NR1",180046.220439708,35157.281573928,"gc.ml"
"10R2U",10,"Y",14,"NR1",129006.730412525,41645.3475181621,"gc.ml"
"10R2U",10,"N",14,"ORF",126697.696663295,7029.01185494447,"gc.ml"
"10R2U",10,"N",22,"MP1",100770817.893775,28429069.8928635,"gc.ml"
"10R2U",10,"Y",22,"MP1",110394470.513231,16665130.1776793,"gc.ml"
"10R2U",10,"N",22,"NR1",13738.8197783347,8823.02354372243,"gc.ml"
"10R2U",10,"Y",22,"NR1",7500,0,"gc.ml"
"10R2U",10,"N",22,"ORF",8853.26507015924,2417.89424354198,"gc.ml"
"10R2U",10,"N",29,"MP1",162622449.566894,5647497.48421645,"gc.ml"
"10R2U",10,"Y",29,"MP1",7500,0,"gc.ml"
"10R2U",10,"N",29,"NR1",26251.8217017408,2574.33247688359,"gc.ml"
"10R2U",10,"Y",29,"NR1",7500,0,"gc.ml"
"10R2U",10,"N",29,"ORF",1637.02916339787,1466.58070745369,"gc.ml"
"10R2U",10,"N",3,"MP1",620064387.362191,93960715.6586675,"gc.ml"
"10R2U",10,"Y",3,"MP1",1372145382.84364,5453817.3668821,"gc.ml"
"10R2U",10,"N",3,"NR1",1408312.00519324,53000.4158199278,"gc.ml"
"10R2U",10,"Y",3,"NR1",4270280.52647008,288701.08174728,"gc.ml"
"10R2U",10,"N",3,"ORF",876308.417643002,831618.536852097,"gc.ml"
"10R2U",10,"N",36,"MP1",33175944.5974318,1789558.54310785,"gc.ml"
"10R2U",10,"Y",36,"MP1",11065665.5986427,3624117.74661648,"gc.ml"
"10R2U",10,"N",36,"NR1",7500,0,"gc.ml"
"10R2U",10,"Y",36,"NR1",7500,0,"gc.ml"
"10R2U",10,"N",36,"ORF",11160.7303093657,596.512961111446,"gc.ml"
"10R2U",10,"N",5,"MP1",669631781.067284,10328534.922,"gc.ml"
"10R2U",10,"Y",5,"MP1",778509712.519349,100558662.874024,"gc.ml"
"10R2U",10,"N",5,"NR1",683854.888130938,24377.6693103443,"gc.ml"
"10R2U",10,"Y",5,"NR1",1605294.67804112,59932.6865607954,"gc.ml"
"10R2U",10,"N",5,"ORF",560299.259959025,195975.074508656,"gc.ml"
"10R2U",10,"N",7,"MP1",517439306.697317,39821252.6484564,"gc.ml"
"10R2U",10,"Y",7,"MP1",495419948.856818,4242785.09519024,"gc.ml"
"10R2U",10,"N",7,"NR1",182465.09851,6310.42951139751,"gc.ml"
"10R2U",10,"Y",7,"NR1",354890.593767102,22400.4217877121,"gc.ml"
"10R2U",10,"N",7,"ORF",238954.222249914,5724.49039023632,"gc.ml"
"15R1F",15,"N",0,"MP1",538262534.35959,81628573.7533682,"gc.ml"
"15R1F",15,"Y",0,"MP1",727889895.534702,37044593.7408291,"gc.ml"
"15R1F",15,"N",0,"NR1",2417747.36731085,137777.472588952,"gc.ml"
"15R1F",15,"Y",0,"NR1",1037498.31522976,157774.349421995,"gc.ml"
"15R1F",15,"N",0,"ORF",1631459.14292842,347741.978176813,"gc.ml"
"15R1F",15,"N",1,"MP1",209891252.799708,36124686.1548819,"gc.ml"
"15R1F",15,"Y",1,"MP1",484703944.124466,79612275.2309045,"gc.ml"
"15R1F",15,"N",1,"NR1",1418302.88634884,111312.153929459,"gc.ml"
"15R1F",15,"Y",1,"NR1",4031786.61572277,567301.02555522,"gc.ml"
"15R1F",15,"N",1,"ORF",984539.995040686,80118.3029184308,"gc.ml"
"15R1F",15,"N",10,"MP1",115713139.361927,2697537.15760366,"gc.ml"
"15R1F",15,"Y",10,"MP1",111280748.055092,25219200.3787924,"gc.ml"
"15R1F",15,"N",10,"NR1",2768960.20102072,256985.082242186,"gc.ml"
"15R1F",15,"Y",10,"NR1",4106700.43266347,267207.250133382,"gc.ml"
"15R1F",15,"N",10,"ORF",1975291.66976572,28257.8546905741,"gc.ml"
"15R1F",15,"N",14,"MP1",74389070.2394516,2527496.38118628,"gc.ml"
"15R1F",15,"Y",14,"MP1",87121181.7415898,305736.020398839,"gc.ml"
"15R1F",15,"N",14,"NR1",3047825.79690138,158858.614891625,"gc.ml"
"15R1F",15,"Y",14,"NR1",4177205.63309405,254997.401950908,"gc.ml"
"15R1F",15,"N",14,"ORF",2065183.21411725,6350.83839181988,"gc.ml"
"15R1F",15,"N",22,"MP1",81737985.2909043,2461890.59503667,"gc.ml"
"15R1F",15,"Y",22,"MP1",22558697.8209661,1312237.01274199,"gc.ml"
"15R1F",15,"N",22,"NR1",3346094.08014156,14870.1193073817,"gc.ml"
"15R1F",15,"Y",22,"NR1",3197797.19470378,286648.521889423,"gc.ml"
"15R1F",15,"N",22,"ORF",1731886.64649791,78623.4056127664,"gc.ml"
"15R1F",15,"N",29,"MP1",50114731.8786929,4976674.99983088,"gc.ml"
"15R1F",15,"Y",29,"MP1",23343336.1203893,804384.753886648,"gc.ml"
"15R1F",15,"N",29,"NR1",4616175.27512849,173099.915762968,"gc.ml"
"15R1F",15,"Y",29,"NR1",3328448.69948154,257790.880885156,"gc.ml"
"15R1F",15,"N",29,"ORF",1692282.36315469,164113.78641001,"gc.ml"
"15R1F",15,"N",3,"MP1",276785069.518445,27439281.6243062,"gc.ml"
"15R1F",15,"Y",3,"MP1",334741270.330601,44695765.3319661,"gc.ml"
"15R1F",15,"N",3,"NR1",2897798.12302564,193833.457375984,"gc.ml"
"15R1F",15,"Y",3,"NR1",4343750.72070599,34949.8340670857,"gc.ml"
"15R1F",15,"N",3,"ORF",1642318.11624349,294825.603454588,"gc.ml"
"15R1F",15,"N",36,"MP1",31548406.474897,2854447.51747275,"gc.ml"
"15R1F",15,"Y",36,"MP1",13476582.0643507,390377.513399183,"gc.ml"
"15R1F",15,"N",36,"NR1",4164870.96720977,208488.026874916,"gc.ml"
"15R1F",15,"Y",36,"NR1",3359150.30442875,192732.709667681,"gc.ml"
"15R1F",15,"N",36,"ORF",1883971.93494686,11957.6678894852,"gc.ml"
"15R1F",15,"N",5,"MP1",145655524.478515,21521420.5513655,"gc.ml"
"15R1F",15,"Y",5,"MP1",275484106.092839,22170420.3410984,"gc.ml"
"15R1F",15,"N",5,"NR1",2458476.42103929,176222.974396457,"gc.ml"
"15R1F",15,"Y",5,"NR1",4231246.33509136,350302.38348551,"gc.ml"
"15R1F",15,"N",5,"ORF",1871108.35853876,3949.72103451068,"gc.ml"
"15R1F",15,"N",7,"MP1",190665018.367074,749689.546547665,"gc.ml"
"15R1F",15,"Y",7,"MP1",137811528.145828,19863578.4107816,"gc.ml"
"15R1F",15,"N",7,"NR1",3232986.61620142,423632.276456786,"gc.ml"
"15R1F",15,"Y",7,"NR1",3530218.15135101,469392.686535178,"gc.ml"
"15R1F",15,"N",7,"ORF",1898446.46032729,10164.2562048716,"gc.ml"
"15R1U",15,"N",0,"MP1",595916779.307897,22621964.780787,"gc.ml"
"15R1U",15,"Y",0,"MP1",235421968.34939,60316827.3832881,"gc.ml"
"15R1U",15,"N",0,"NR1",1088560.49234717,132020.49527168,"gc.ml"
"15R1U",15,"Y",0,"NR1",915722.952658158,64108.1152612103,"gc.ml"
"15R1U",15,"N",0,"ORF",1385758.59333361,102547.488863817,"gc.ml"
"15R1U",15,"N",1,"MP1",589254068.02233,15577759.670465,"gc.ml"
"15R1U",15,"Y",1,"MP1",174503886.382712,1782012.12621562,"gc.ml"
"15R1U",15,"N",1,"NR1",1478124.0991864,73835.3219893739,"gc.ml"
"15R1U",15,"Y",1,"NR1",801474.770509305,50857.8634329302,"gc.ml"
"15R1U",15,"N",1,"ORF",1875436.60942292,8259.59583711343,"gc.ml"
"15R1U",15,"N",10,"MP1",40457680.2542532,5142931.82867232,"gc.ml"
"15R1U",15,"Y",10,"MP1",7962132.62324996,234921.106645186,"gc.ml"
"15R1U",15,"N",10,"NR1",19316.8619298728,16711.5664059164,"gc.ml"
"15R1U",15,"Y",10,"NR1",7500,0,"gc.ml"
"15R1U",15,"N",10,"ORF",34627.4669620217,4144.52412481971,"gc.ml"
"15R1U",15,"N",14,"MP1",4217482.52709155,234.071516338699,"gc.ml"
"15R1U",15,"Y",14,"MP1",1632507.08502619,24274.1744953601,"gc.ml"
"15R1U",15,"N",14,"NR1",7500,0,"gc.ml"
"15R1U",15,"Y",14,"NR1",7500,0,"gc.ml"
"15R1U",15,"N",14,"ORF",1710.90333312848,51.5142164207356,"gc.ml"
"15R1U",15,"N",22,"MP1",107856.300342805,5126.27703285598,"gc.ml"
"15R1U",15,"Y",22,"MP1",36935.2460029954,41627.7241092245,"gc.ml"
"15R1U",15,"Y",22,"NR1",7500,0,"gc.ml"
"15R1U",15,"N",22,"NR1",7500,0,"gc.ml"
"15R1U",15,"N",22,"ORF",300,0,"gc.ml"
"15R1U",15,"N",29,"MP1",7500,0,"gc.ml"
"15R1U",15,"Y",29,"MP1",11706.579527319,5949.00181873556,"gc.ml"
"15R1U",15,"N",29,"NR1",7500,0,"gc.ml"
"15R1U",15,"Y",29,"NR1",7500,0,"gc.ml"
"15R1U",15,"N",29,"ORF",300,0,"gc.ml"
"15R1U",15,"N",3,"MP1",407150517.741273,68027954.93569,"gc.ml"
"15R1U",15,"Y",3,"MP1",564649520.663345,387885968.887465,"gc.ml"
"15R1U",15,"N",3,"NR1",332317.321164054,256379.284748184,"gc.ml"
"15R1U",15,"Y",3,"NR1",332934.845592745,49993.3252081615,"gc.ml"
"15R1U",15,"N",3,"ORF",454365.736860985,55375.7836366006,"gc.ml"
"15R1U",15,"Y",36,"MP1",7500,0,"gc.ml"
"15R1U",15,"N",36,"NR1",7500,0,"gc.ml"
"15R1U",15,"Y",36,"NR1",7500,0,"gc.ml"
"15R1U",15,"N",36,"ORF",300,0,"gc.ml"
"15R1U",15,"N",5,"MP1",139802684.29483,7241361.98607203,"gc.ml"
"15R1U",15,"Y",5,"MP1",56927031.8160537,5766585.19718053,"gc.ml"
"15R1U",15,"N",5,"NR1",105939.575340168,60093.387404639,"gc.ml"
"15R1U",15,"Y",5,"NR1",30037.9214333156,16985.219271888,"gc.ml"
"15R1U",15,"N",5,"ORF",126366.95341714,5476.32070297803,"gc.ml"
"15R1U",15,"N",7,"MP1",82165805.1967961,1600538.19048981,"gc.ml"
"15R1U",15,"Y",7,"MP1",27710732.9816752,1951939.6553697,"gc.ml"
"15R1U",15,"N",7,"NR1",44060.7336448742,11298.2043532306,"gc.ml"
"15R1U",15,"Y",7,"NR1",19764.0193959331,1422.26663592189,"gc.ml"
"15R1U",15,"N",7,"ORF",22460.0454987456,5173.55792372769,"gc.ml"
"15R2F",15,"N",0,"MP1",677375090.208926,17329181.2575869,"gc.ml"
"15R2F",15,"Y",0,"MP1",358484450.617499,138900076.772515,"gc.ml"
"15R2F",15,"N",0,"NR1",1783419.607005,95573.9672037728,"gc.ml"
"15R2F",15,"Y",0,"NR1",584966.788618225,52718.4154387075,"gc.ml"
"15R2F",15,"N",0,"ORF",511925.833691134,156549.736367396,"gc.ml"
"15R2F",15,"N",1,"MP1",382395040.100239,7626727.22426358,"gc.ml"
"15R2F",15,"Y",1,"MP1",303288833.7761,78618640.8409017,"gc.ml"
"15R2F",15,"N",1,"NR1",704703.383291029,106673.484011811,"gc.ml"
"15R2F",15,"Y",1,"NR1",488452.256051482,10363.2126698816,"gc.ml"
"15R2F",15,"N",1,"ORF",317988.918269692,391122.827799038,"gc.ml"
"15R2F",15,"N",10,"MP1",36287082.526413,14021554.0319347,"gc.ml"
"15R2F",15,"Y",10,"MP1",48198160.3707737,320793.304744834,"gc.ml"
"15R2F",15,"N",10,"NR1",508943.830437069,22940.1594772445,"gc.ml"
"15R2F",15,"Y",10,"NR1",1046823.35568564,16045.324575761,"gc.ml"
"15R2F",15,"N",10,"ORF",562348.630882279,73851.1974023979,"gc.ml"
"15R2F",15,"N",14,"MP1",83459555.4271701,12816686.9785828,"gc.ml"
"15R2F",15,"Y",14,"MP1",43821220.4433899,2143500.16908034,"gc.ml"
"15R2F",15,"N",14,"NR1",1499745.57679958,327092.105679431,"gc.ml"
"15R2F",15,"Y",14,"NR1",1075372.04614603,10180.6066874152,"gc.ml"
"15R2F",15,"N",14,"ORF",338422.084694806,477752.573844547,"gc.ml"
"15R2F",15,"N",22,"MP1",43077704.3692959,12200409.1220624,"gc.ml"
"15R2F",15,"Y",22,"MP1",27178593.1082561,3366268.82377346,"gc.ml"
"15R2F",15,"N",22,"NR1",1921764.01007236,323911.523791303,"gc.ml"
"15R2F",15,"Y",22,"NR1",829152.656408483,394238.393023331,"gc.ml"
"15R2F",15,"N",22,"ORF",447635.84470667,472367.690305096,"gc.ml"
"15R2F",15,"N",29,"MP1",25833320.7919035,10706352.3942333,"gc.ml"
"15R2F",15,"Y",29,"MP1",22097898.5600523,10156077.4901703,"gc.ml"
"15R2F",15,"N",29,"NR1",2105889.2086418,216053.719756635,"gc.ml"
"15R2F",15,"Y",29,"NR1",1613818.5330729,57806.6961172181,"gc.ml"
"15R2F",15,"N",29,"ORF",953223.979157895,24019.9181262338,"gc.ml"
"15R2F",15,"N",3,"MP1",293932153.900947,2681621.74718713,"gc.ml"
"15R2F",15,"Y",3,"MP1",86006670.7279332,12405363.3259268,"gc.ml"
"15R2F",15,"N",3,"NR1",963262.695553231,12853.8147918814,"gc.ml"
"15R2F",15,"Y",3,"NR1",635310.407730106,360781.983586829,"gc.ml"
"15R2F",15,"N",3,"ORF",751098.150203432,9754.11497831605,"gc.ml"
"15R2F",15,"N",36,"MP1",7135364.09185376,3402054.61950138,"gc.ml"
"15R2F",15,"Y",36,"MP1",8310080.63273192,3667531.96882303,"gc.ml"
"15R2F",15,"N",36,"NR1",684710.447195147,6141.92117317771,"gc.ml"
"15R2F",15,"Y",36,"NR1",1134058.18869011,7270.85930185732,"gc.ml"
"15R2F",15,"N",36,"ORF",198383.454026368,266710.88281983,"gc.ml"
"15R2F",15,"N",5,"MP1",190777757.187416,22608097.4707334,"gc.ml"
"15R2F",15,"Y",5,"MP1",132296741.884408,14675142.2091937,"gc.ml"
"15R2F",15,"N",5,"NR1",1557482.01046448,43704.6783597422,"gc.ml"
"15R2F",15,"Y",5,"NR1",560546.004279694,587719.131417719,"gc.ml"
"15R2F",15,"N",5,"ORF",72737.6503804296,5324.88686346461,"gc.ml"
"15R2F",15,"N",7,"MP1",98722079.5292746,1840872.36871335,"gc.ml"
"15R2F",15,"Y",7,"MP1",70339520.9532884,24293891.7031503,"gc.ml"
"15R2F",15,"N",7,"NR1",1238912.64405985,60214.1314367588,"gc.ml"
"15R2F",15,"Y",7,"NR1",1135495.21127608,372866.475671291,"gc.ml"
"15R2F",15,"N",7,"ORF",703165.160964618,26815.6869769025,"gc.ml"
"15R2U",15,"N",0,"MP1",590157750.703448,69138428.7792085,"gc.ml"
"15R2U",15,"Y",0,"MP1",994499868.599018,108201551.768648,"gc.ml"
"15R2U",15,"N",0,"NR1",1075164.46458422,11141.2739763002,"gc.ml"
"15R2U",15,"Y",0,"NR1",2282366.71929096,612551.432548169,"gc.ml"
"15R2U",15,"N",0,"ORF",164345.740241613,8424.82651650333,"gc.ml"
"15R2U",15,"Y",1,"MP1",827660933.114666,34702873.3861538,"gc.ml"
"15R2U",15,"N",1,"MP1",310162003.793694,5937171.5471684,"gc.ml"
"15R2U",15,"N",1,"NR1",1408258.16548254,33527.0252575974,"gc.ml"
"15R2U",15,"Y",1,"NR1",1817401.55533036,71021.667356801,"gc.ml"
"15R2U",15,"N",1,"ORF",180670.316325352,24825.3591903903,"gc.ml"
"15R2U",15,"N",10,"MP1",49616260.0126962,5166350.6630237,"gc.ml"
"15R2U",15,"Y",10,"MP1",43399024.9467114,1237141.80552057,"gc.ml"
"15R2U",15,"N",10,"NR1",7500,0,"gc.ml"
"15R2U",15,"Y",10,"NR1",7500,0,"gc.ml"
"15R2U",15,"N",10,"ORF",300,0,"gc.ml"
"15R2U",15,"N",14,"MP1",8167138.06690546,3515113.38857019,"gc.ml"
"15R2U",15,"Y",14,"MP1",5743520.27648779,44308.181687801,"gc.ml"
"15R2U",15,"N",14,"NR1",7500,0,"gc.ml"
"15R2U",15,"Y",14,"NR1",7500,0,"gc.ml"
"15R2U",15,"N",14,"ORF",300,0,"gc.ml"
"15R2U",15,"N",22,"MP1",291665.993896581,63442.0338599324,"gc.ml"
"15R2U",15,"Y",22,"MP1",217655.50433363,3315.35188199238,"gc.ml"
"15R2U",15,"N",22,"NR1",7500,0,"gc.ml"
"15R2U",15,"Y",22,"NR1",7500,0,"gc.ml"
"15R2U",15,"N",22,"ORF",300,0,"gc.ml"
"15R2U",15,"N",29,"MP1",41158.2873405458,1326.94661550409,"gc.ml"
"15R2U",15,"Y",29,"MP1",7500,0,"gc.ml"
"15R2U",15,"N",29,"NR1",7500,0,"gc.ml"
"15R2U",15,"Y",29,"NR1",7500,0,"gc.ml"
"15R2U",15,"N",29,"ORF",300,0,"gc.ml"
"15R2U",15,"Y",3,"MP1",492551504.258192,27564177.1081664,"gc.ml"
"15R2U",15,"N",3,"MP1",282429225.209174,38470777.3342695,"gc.ml"
"15R2U",15,"N",3,"NR1",678359.010338445,60058.3885421233,"gc.ml"
"15R2U",15,"Y",3,"NR1",810864.191595557,27537.2524318514,"gc.ml"
"15R2U",15,"N",3,"ORF",57399.163187968,463.722377468952,"gc.ml"
"15R2U",15,"N",36,"MP1",7500,0,"gc.ml"
"15R2U",15,"Y",36,"MP1",7500,0,"gc.ml"
"15R2U",15,"N",36,"NR1",7500,0,"gc.ml"
"15R2U",15,"Y",36,"NR1",7500,0,"gc.ml"
"15R2U",15,"N",36,"ORF",300,0,"gc.ml"
"15R2U",15,"N",5,"MP1",291250873.734873,44439157.0862257,"gc.ml"
"15R2U",15,"Y",5,"MP1",153496786.813834,9147387.81157397,"gc.ml"
"15R2U",15,"N",5,"NR1",279831.099310695,44039.7822584159,"gc.ml"
"15R2U",15,"Y",5,"NR1",107443.401820615,39036.1920821127,"gc.ml"
"15R2U",15,"N",5,"ORF",28234.5190342548,1444.81086638182,"gc.ml"
"15R2U",15,"N",7,"MP1",187418778.608021,873747.795353187,"gc.ml"
"15R2U",15,"Y",7,"MP1",139905038.747423,2049228.88452997,"gc.ml"
"15R2U",15,"N",7,"NR1",24905.9902399358,5523.79155870447,"gc.ml"
"15R2U",15,"Y",7,"NR1",11907.5721577712,6233.24832265809,"gc.ml"
"15R2U",15,"N",7,"ORF",3579.85625766126,158.845081093831,"gc.ml"
"20R1F",20,"N",0,"MP1",715004105.246093,45174879.3314828,"gc.ml"
"20R1F",20,"Y",0,"MP1",828959024.512762,119114942.88549,"gc.ml"
"20R1F",20,"N",0,"NR1",1554577.81946079,63602.6859081506,"gc.ml"
"20R1F",20,"Y",0,"NR1",1630518.62507494,237512.056138098,"gc.ml"
"20R1F",20,"N",0,"ORF",1500177.28971947,130426.750082111,"gc.ml"
"20R1F",20,"N",1,"MP1",351177504.507612,14198673.8568061,"gc.ml"
"20R1F",20,"Y",1,"MP1",407751325.682847,157580195.819165,"gc.ml"
"20R1F",20,"N",1,"NR1",1168360.97304342,36948.9611850688,"gc.ml"
"20R1F",20,"Y",1,"NR1",2650720.7417441,205224.353989422,"gc.ml"
"20R1F",20,"N",1,"ORF",1693497.44315448,122371.033889101,"gc.ml"
"20R1F",20,"N",10,"MP1",94543827.8564028,6852498.1402231,"gc.ml"
"20R1F",20,"Y",10,"MP1",6194898.62696385,1370023.21691355,"gc.ml"
"20R1F",20,"N",10,"NR1",3028378.52968811,209628.964011161,"gc.ml"
"20R1F",20,"Y",10,"NR1",109213.625723355,14756.6642294941,"gc.ml"
"20R1F",20,"N",10,"ORF",1296550.37560071,69769.4117732502,"gc.ml"
"20R1F",20,"N",14,"MP1",45376776.7287983,3513366.13764265,"gc.ml"
"20R1F",20,"Y",14,"MP1",21255937.0062567,3111330.5319944,"gc.ml"
"20R1F",20,"N",14,"NR1",1005256.77728586,108529.543111585,"gc.ml"
"20R1F",20,"Y",14,"NR1",574748.981017047,116233.363180959,"gc.ml"
"20R1F",20,"N",14,"ORF",1282056.29621379,22965.3628911073,"gc.ml"
"20R1F",20,"N",22,"MP1",4323064.25620955,116979.930500422,"gc.ml"
"20R1F",20,"Y",22,"MP1",3097324.86001074,453958.53435687,"gc.ml"
"20R1F",20,"N",22,"NR1",75312.1090015147,22026.7129134327,"gc.ml"
"20R1F",20,"Y",22,"NR1",78049.8971635084,15264.2380085974,"gc.ml"
"20R1F",20,"N",22,"ORF",136694.771599804,4576.58255660016,"gc.ml"
"20R1F",20,"N",29,"MP1",1187731.21668531,76089.9022363051,"gc.ml"
"20R1F",20,"Y",29,"MP1",487213.155917394,40171.8929625717,"gc.ml"
"20R1F",20,"N",29,"NR1",59944.9426492497,8123.75795873746,"gc.ml"
"20R1F",20,"Y",29,"NR1",50081.8676589604,624.072904447127,"gc.ml"
"20R1F",20,"N",29,"ORF",72083.1604377974,16695.2085891957,"gc.ml"
"20R1F",20,"N",3,"MP1",416218454.244567,11999803.5895147,"gc.ml"
"20R1F",20,"Y",3,"MP1",329781347.86492,19940879.0085303,"gc.ml"
"20R1F",20,"N",3,"NR1",1916294.32521283,384970.761348659,"gc.ml"
"20R1F",20,"Y",3,"NR1",2422179.45006577,126884.542689581,"gc.ml"
"20R1F",20,"N",3,"ORF",2165770.68517674,48331.609301465,"gc.ml"
"20R1F",20,"N",36,"MP1",7500,0,"gc.ml"
"20R1F",20,"Y",36,"MP1",7500,0,"gc.ml"
"20R1F",20,"N",36,"NR1",7500,0,"gc.ml"
"20R1F",20,"Y",36,"NR1",7500,0,"gc.ml"
"20R1F",20,"N",36,"ORF",2032.36219671969,858.223037395768,"gc.ml"
"20R1F",20,"N",5,"MP1",186283268.735214,20405959.7349391,"gc.ml"
"20R1F",20,"Y",5,"MP1",55355133.7894803,3025108.29821616,"gc.ml"
"20R1F",20,"N",5,"NR1",1773576.10449542,107351.75165174,"gc.ml"
"20R1F",20,"Y",5,"NR1",660368.541917227,76798.3870710065,"gc.ml"
"20R1F",20,"N",5,"ORF",2062500.42452128,85773.4998772385,"gc.ml"
"20R1F",20,"N",7,"MP1",103019998.569303,1563934.40664951,"gc.ml"
"20R1F",20,"Y",7,"MP1",59005481.8580519,4360103.21010331,"gc.ml"
"20R1F",20,"N",7,"NR1",1669554.70016486,209710.334426296,"gc.ml"
"20R1F",20,"Y",7,"NR1",1247272.75527867,543718.102736962,"gc.ml"
"20R1F",20,"N",7,"ORF",1914205.64311721,10019.0487530462,"gc.ml"
"20R1U",20,"N",0,"MP1",493978028.024375,14819247.566832,"gc.ml"
"20R1U",20,"N",0,"NR1",127048.337484387,18889.6914759015,"gc.ml"
"20R1U",20,"N",0,"ORF",1941777.55025143,74907.4344302229,"gc.ml"
"20R1U",20,"N",1,"MP1",497297294.428287,33665535.8129092,"gc.ml"
"20R1U",20,"N",1,"NR1",977510.301075637,646664.463679727,"gc.ml"
"20R1U",20,"N",1,"ORF",2162066.05935502,1597.36722971722,"gc.ml"
"20R1U",20,"N",10,"MP1",517606.802856344,151567.141597394,"gc.ml"
"20R1U",20,"N",10,"NR1",7500,0,"gc.ml"
"20R1U",20,"N",10,"ORF",9476.84706416844,1060.79799184528,"gc.ml"
"20R1U",20,"N",14,"MP1",652828.636836091,17066.1999594853,"gc.ml"
"20R1U",20,"N",14,"MP1",292264.141188658,975.738416890652,"gc.ml"
"20R1U",20,"N",14,"NR1",7500,0,"gc.ml"
"20R1U",20,"N",14,"ORF",1597.75454345,115.292163487521,"gc.ml"
"20R1U",20,"N",22,"MP1",7500,0,"gc.ml"
"20R1U",20,"N",22,"NR1",7500,0,"gc.ml"
"20R1U",20,"N",22,"ORF",300,0,"gc.ml"
"20R1U",20,"N",29,"MP1",7500,0,"gc.ml"
"20R1U",20,"N",29,"MP1",7500,0,"gc.ml"
"20R1U",20,"N",29,"NR1",7500,0,"gc.ml"
"20R1U",20,"N",3,"MP1",81667489.6830334,3112424.24228522,"gc.ml"
"20R1U",20,"N",3,"NR1",72234.3832846268,39130.3242740615,"gc.ml"
"20R1U",20,"N",3,"ORF",799174.482533162,76219.8873399477,"gc.ml"
"20R1U",20,"N",36,"MP1",7500,0,"gc.ml"
"20R1U",20,"N",36,"NR1",7500,0,"gc.ml"
"20R1U",20,"N",36,"ORF",300,0,"gc.ml"
"20R1U",20,"N",5,"MP1",19051224.0790096,367446.493951952,"gc.ml"
"20R1U",20,"N",5,"NR1",7500,0,"gc.ml"
"20R1U",20,"N",5,"ORF",161929.425008649,6520.72549667213,"gc.ml"
"20R1U",20,"N",7,"MP1",23373760.3535666,6379964.91232464,"gc.ml"
"20R1U",20,"N",7,"MP1",12812405.5958517,327066.913462384,"gc.ml"
"20R1U",20,"N",7,"NR1",7500,0,"gc.ml"
"20R1U",20,"N",7,"ORF",50788.4670585768,2898.68299868978,"gc.ml"
"20R2F",20,"N",0,"MP1",944384402.287888,78766779.7570827,"gc.ml"
"20R2F",20,"Y",0,"MP1",8246730.56041294,3288650.98990839,"gc.ml"
"20R2F",20,"N",0,"NR1",1219404.42180764,956627.745860785,"gc.ml"
"20R2F",20,"Y",0,"NR1",19166.1421033944,16498.4163831922,"gc.ml"
"20R2F",20,"N",0,"ORF",2022011.42253128,15074.5975337778,"gc.ml"
"20R2F",20,"N",1,"MP1",363218580.597625,127105137.952882,"gc.ml"
"20R2F",20,"Y",1,"MP1",142050545.5109,9929793.4548583,"gc.ml"
"20R2F",20,"N",1,"NR1",432997.397285791,13076.5553522715,"gc.ml"
"20R2F",20,"Y",1,"NR1",519023.924279276,5847.28782113315,"gc.ml"
"20R2F",20,"N",1,"ORF",2395413.01216062,1162676.09831589,"gc.ml"
"20R2F",20,"N",10,"MP1",89353752.0188759,13049688.0708177,"gc.ml"
"20R2F",20,"Y",10,"MP1",3494748.8758447,1270288.87425232,"gc.ml"
"20R2F",20,"N",10,"NR1",1103584.5573665,160898.883533002,"gc.ml"
"20R2F",20,"Y",10,"NR1",30124.2872513198,31995.5738698411,"gc.ml"
"20R2F",20,"N",10,"ORF",976431.212864453,69878.8041258119,"gc.ml"
"20R2F",20,"N",14,"MP1",37819756.9630793,7097744.12245569,"gc.ml"
"20R2F",20,"Y",14,"MP1",1857899.15942714,100479.142843172,"gc.ml"
"20R2F",20,"N",14,"NR1",274559.288846212,189140.152350672,"gc.ml"
"20R2F",20,"Y",14,"NR1",7500,0,"gc.ml"
"20R2F",20,"N",14,"ORF",741100.19257006,21759.6559458564,"gc.ml"
"20R2F",20,"N",22,"MP1",1263964.20335667,18621.5551173763,"gc.ml"
"20R2F",20,"Y",22,"MP1",42876.6592022191,15535.4342361009,"gc.ml"
"20R2F",20,"N",22,"NR1",12527.9623841672,7110.61259479094,"gc.ml"
"20R2F",20,"Y",22,"NR1",7500,0,"gc.ml"
"20R2F",20,"N",29,"MP1",128949.507557055,18059.8124009855,"gc.ml"
"20R2F",20,"Y",29,"MP1",21362.2105069604,4951.54519179686,"gc.ml"
"20R2F",20,"N",29,"NR1",11829.7629755805,6123.20952192688,"gc.ml"
"20R2F",20,"Y",29,"NR1",7500,0,"gc.ml"
"20R2F",20,"N",29,"ORF",9476.49049375704,1495.22605403707,"gc.ml"
"20R2F",20,"N",3,"MP1",322109058.921502,85353669.4479737,"gc.ml"
"20R2F",20,"Y",3,"MP1",5102716.50640065,1710618.68116028,"gc.ml"
"20R2F",20,"N",3,"NR1",1636594.05575572,32457.8819447807,"gc.ml"
"20R2F",20,"Y",3,"NR1",7500,0,"gc.ml"
"20R2F",20,"N",3,"ORF",1971386.96611853,42830.698952883,"gc.ml"
"20R2F",20,"N",36,"MP1",41613.6750466509,3509.5766798711,"gc.ml"
"20R2F",20,"Y",36,"MP1",7500,0,"gc.ml"
"20R2F",20,"N",36,"NR1",7500,0,"gc.ml"
"20R2F",20,"Y",36,"NR1",7500,0,"gc.ml"
"20R2F",20,"N",36,"ORF",10473.7698987695,1033.27559703297,"gc.ml"
"20R2F",20,"N",5,"MP1",160401535.814376,19722839.9597151,"gc.ml"
"20R2F",20,"Y",5,"MP1",37557645.8700905,9530240.308605,"gc.ml"
"20R2F",20,"N",5,"NR1",655141.854327518,126663.722972597,"gc.ml"
"20R2F",20,"Y",5,"NR1",118221.456124904,12574.177835147,"gc.ml"
"20R2F",20,"N",5,"ORF",1313179.32496314,87856.8885973646,"gc.ml"
"20R2F",20,"N",7,"MP1",237629994.736687,15824674.3176372,"gc.ml"
"20R2F",20,"Y",7,"MP1",18299572.5738226,1326267.64736674,"gc.ml"
"20R2F",20,"N",7,"NR1",2017009.10863813,13039.4729129585,"gc.ml"
"20R2F",20,"Y",7,"NR1",23068.2557488615,2537.30488944919,"gc.ml"
"20R2F",20,"N",7,"ORF",2147631.96651153,24335.7978207246,"gc.ml"
"20R2U",20,"N",0,"MP1",460562344.197211,22255264.4677933,"gc.ml"
"20R2U",20,"N",0,"NR1",570229.747130583,38845.9742848729,"gc.ml"
"20R2U",20,"N",0,"ORF",956764.205597089,12163.3785803313,"gc.ml"
"20R2U",20,"N",1,"MP1",430928670.342291,64127006.9764573,"gc.ml"
"20R2U",20,"N",1,"NR1",1462047.74677082,25651.9857866996,"gc.ml"
"20R2U",20,"N",1,"ORF",1830917.66252791,40209.1432359956,"gc.ml"
"20R2U",20,"N",10,"MP1",1145298.53017626,60372.8693236606,"gc.ml"
"20R2U",20,"N",10,"NR1",7500,0,"gc.ml"
"20R2U",20,"N",10,"ORF",6461.40598094282,91.1328789816218,"gc.ml"
"20R2U",20,"N",14,"MP1",400013.284841226,362.044655677444,"gc.ml"
"20R2U",20,"N",14,"NR1",7500,0,"gc.ml"
"20R2U",20,"N",14,"ORF",300,0,"gc.ml"
"20R2U",20,"N",22,"MP1",13159.0349035653,8003.0839105648,"gc.ml"
"20R2U",20,"N",22,"NR1",7500,0,"gc.ml"
"20R2U",20,"N",22,"ORF",521.495896208837,313.24250042852,"gc.ml"
"20R2U",20,"N",29,"MP1",7500,0,"gc.ml"
"20R2U",20,"N",29,"NR1",7500,0,"gc.ml"
"20R2U",20,"N",29,"ORF",300,0,"gc.ml"
"20R2U",20,"N",3,"MP1",138164492.991996,2025504.00359471,"gc.ml"
"20R2U",20,"N",3,"NR1",109090.249737918,10805.1756014167,"gc.ml"
"20R2U",20,"N",3,"ORF",210945.019613078,9905.94962104567,"gc.ml"
"20R2U",20,"N",36,"MP1",16798.8360520601,13150.5400591073,"gc.ml"
"20R2U",20,"N",36,"NR1",7500,0,"gc.ml"
"20R2U",20,"N",36,"ORF",300,0,"gc.ml"
"20R2U",20,"N",5,"MP1",81758693.624442,9643052.72440634,"gc.ml"
"20R2U",20,"N",5,"NR1",12658.8433157359,7295.70618327157,"gc.ml"
"20R2U",20,"N",5,"ORF",77920.6721785033,4178.84889876099,"gc.ml"
"20R2U",20,"N",7,"MP1",8886564.4712149,186342.685030929,"gc.ml"
"20R2U",20,"N",7,"NR1",7500,0,"gc.ml"
"20R2U",20,"N",7,"ORF",33394.4844029417,320.575472318055,"gc.ml"
"15R1U",15,"N",14,"MS2_culture",25,NA,"PFU.ml"
"15R1U",15,"N",22,"MS2_culture",25,NA,"PFU.ml"
"15R1U",15,"N",29,"MS2_culture",25,NA,"PFU.ml"
"15R1U",15,"N",36,"MS2_culture",25,NA,"PFU.ml"
"15R2F",15,"N",22,"MS2_culture",25,NA,"PFU.ml"
"15R2F",15,"N",29,"MS2_culture",25,NA,"PFU.ml"
"15R2F",15,"N",36,"MS2_culture",25,NA,"PFU.ml"
"15R2U",15,"N",14,"MS2_culture",25,NA,"PFU.ml"
"15R2U",15,"N",22,"MS2_culture",25,NA,"PFU.ml"
"15R2U",15,"N",29,"MS2_culture",25,NA,"PFU.ml"
"15R2U",15,"N",36,"MS2_culture",25,NA,"PFU.ml"
"20R1F",20,"N",10,"MS2_culture",25,NA,"PFU.ml"
"20R1F",20,"N",14,"MS2_culture",25,NA,"PFU.ml"
"20R1F",20,"N",22,"MS2_culture",25,NA,"PFU.ml"
"20R1F",20,"N",29,"MS2_culture",25,NA,"PFU.ml"
"20R1F",20,"N",36,"MS2_culture",25,NA,"PFU.ml"
"20R1U",20,"N",10,"MS2_culture",25,NA,"PFU.ml"
"20R1U",20,"N",14,"MS2_culture",25,NA,"PFU.ml"
"20R1U",20,"N",22,"MS2_culture",25,NA,"PFU.ml"
"20R1U",20,"N",29,"MS2_culture",25,NA,"PFU.ml"
"20R1U",20,"N",36,"MS2_culture",25,NA,"PFU.ml"
"20R1U",20,"N",7,"MS2_culture",25,NA,"PFU.ml"
"20R2F",20,"N",36,"MS2_culture",25,NA,"PFU.ml"
"20R2U",20,"N",10,"MS2_culture",25,NA,"PFU.ml"
"20R2U",20,"N",14,"MS2_culture",25,NA,"PFU.ml"
"20R2U",20,"N",22,"MS2_culture",25,NA,"PFU.ml"
"20R2U",20,"N",29,"MS2_culture",25,NA,"PFU.ml"
"20R2U",20,"N",36,"MS2_culture",25,NA,"PFU.ml"
"20R2U",20,"N",7,"MS2_culture",25,NA,"PFU.ml"
"10R1F",10,"N",0,"MS2_culture",9233333.33333333,NA,"PFU.ml"
"10R2F",10,"N",0,"MS2_culture",8e+06,NA,"PFU.ml"
"10R1U",10,"N",0,"MS2_culture",6e+06,NA,"PFU.ml"
"10R2U",10,"N",0,"MS2_culture",10433333.3333333,NA,"PFU.ml"
"20R1F",20,"N",0,"MS2_culture",8366666.66666667,NA,"PFU.ml"
"20R2F",20,"N",0,"MS2_culture",5033333.33333333,NA,"PFU.ml"
"20R1U",20,"N",0,"MS2_culture",4700000,NA,"PFU.ml"
"20R2U",20,"N",0,"MS2_culture",5733333.33333333,NA,"PFU.ml"
"10R1F",10,"N",1,"MS2_culture",1966666.66666667,NA,"PFU.ml"
"10R2F",10,"N",1,"MS2_culture",4133333.33333333,NA,"PFU.ml"
"15R1U",15,"N",3,"MS2_culture",340000,NA,"PFU.ml"
"15R2U",15,"N",3,"MS2_culture",7e+05,NA,"PFU.ml"
"20R1U",20,"N",3,"MS2_culture",226666.666666667,NA,"PFU.ml"
"20R2U",20,"N",3,"MS2_culture",330000,NA,"PFU.ml"
"20R1U",20,"N",1,"MS2_culture",460000,NA,"PFU.ml"
"15R2F",15,"N",3,"MS2_culture",63333.3333333333,NA,"PFU.ml"
"10R1F",10,"N",3,"MS2_culture",640000,NA,"PFU.ml"
"10R2F",10,"N",3,"MS2_culture",173333.333333333,NA,"PFU.ml"
"10R1U",10,"N",3,"MS2_culture",170000,NA,"PFU.ml"
"15R1F",15,"N",5,"MS2_culture",67000,NA,"PFU.ml"
"15R2F",15,"N",5,"MS2_culture",31000,NA,"PFU.ml"
"15R1U",15,"N",5,"MS2_culture",20000,NA,"PFU.ml"
"10R1F",10,"N",5,"MS2_culture",270000,NA,"PFU.ml"
"10R2F",10,"N",5,"MS2_culture",203333.333333333,NA,"PFU.ml"
"10R1U",10,"N",5,"MS2_culture",286666.666666667,NA,"PFU.ml"
"10R2U",10,"N",5,"MS2_culture",253333.333333333,NA,"PFU.ml"
"20R1F",20,"N",5,"MS2_culture",1433.33333333333,NA,"PFU.ml"
"20R1U",20,"N",5,"MS2_culture",360,NA,"PFU.ml"
"20R2U",20,"N",5,"MS2_culture",2100,NA,"PFU.ml"
"15R2U",15,"N",7,"MS2_culture",37666.6666666667,NA,"PFU.ml"
"10R1F",10,"N",7,"MS2_culture",1900000,NA,"PFU.ml"
"10R2F",10,"N",7,"MS2_culture",1900000,NA,"PFU.ml"
"10R1U",10,"N",7,"MS2_culture",1100000,NA,"PFU.ml"
"20R1F",20,"N",7,"MS2_culture",203.333333333333,NA,"PFU.ml"
"20R2F",20,"N",7,"MS2_culture",68666.6666666667,NA,"PFU.ml"
"15R2F",15,"N",10,"MS2_culture",3066.66666666667,NA,"PFU.ml"
"15R2U",15,"N",10,"MS2_culture",3433.33333333333,NA,"PFU.ml"
"10R1F",10,"N",10,"MS2_culture",2133333.33333333,NA,"PFU.ml"
"10R2F",10,"N",10,"MS2_culture",3700000,NA,"PFU.ml"
"10R2U",10,"N",10,"MS2_culture",476666.666666667,NA,"PFU.ml"
"20R2F",20,"N",10,"MS2_culture",47333.3333333333,NA,"PFU.ml"
"10R1U",10,"N",10,"MS2_culture",4266666.66666667,NA,"PFU.ml"
"15R2F",15,"N",14,"MS2_culture",146.666666666667,NA,"PFU.ml"
"10R1U",10,"N",14,"MS2_culture",1086666.66666667,NA,"PFU.ml"
"10R2U",10,"N",14,"MS2_culture",2033333.33333333,NA,"PFU.ml"
"10R1F",10,"N",22,"MS2_culture",293333.333333333,NA,"PFU.ml"
"10R2F",10,"N",22,"MS2_culture",396666.666666667,NA,"PFU.ml"
"10R1U",10,"N",22,"MS2_culture",56666.6666666667,NA,"PFU.ml"
"10R2U",10,"N",22,"MS2_culture",273333.333333333,NA,"PFU.ml"
"20R2F",20,"N",22,"MS2_culture",300,NA,"PFU.ml"
"15R1F",15,"N",29,"MS2_culture",53333.3333333333,NA,"PFU.ml"
"10R1F",10,"N",29,"MS2_culture",35666.6666666667,NA,"PFU.ml"
"10R1U",10,"N",29,"MS2_culture",933.333333333333,NA,"PFU.ml"
"20R2F",20,"N",29,"MS2_culture",53.3333333333333,NA,"PFU.ml"
"15R1F",15,"N",36,"MS2_culture",59000,NA,"PFU.ml"
"10R1F",10,"N",36,"MS2_culture",9000,NA,"PFU.ml"
"10R1U",10,"N",36,"MS2_culture",463.333333333333,NA,"PFU.ml"
"10R2U",10,"N",36,"MS2_culture",1066.66666666667,NA,"PFU.ml"
"10R1F",10,"N",14,"MS2_culture",854545.454545455,NA,"PFU.ml"
"10R1U",10,"N",1,"MS2_culture",878787.878787879,NA,"PFU.ml"
"10R2F",10,"N",14,"MS2_culture",1048484.84848485,NA,"PFU.ml"
"10R2F",10,"N",29,"MS2_culture",65151.5151515152,NA,"PFU.ml"
"10R2F",10,"N",36,"MS2_culture",9151.51515151515,NA,"PFU.ml"
"10R2U",10,"N",1,"MS2_culture",769696.96969697,NA,"PFU.ml"
"10R2U",10,"N",29,"MS2_culture",4818.18181818182,NA,"PFU.ml"
"10R2U",10,"N",3,"MS2_culture",403030.303030303,NA,"PFU.ml"
"10R2U",10,"N",7,"MS2_culture",684848.484848485,NA,"PFU.ml"
"15R1F",15,"N",0,"MS2_culture",9818181.81818182,NA,"PFU.ml"
"15R1F",15,"N",1,"MS2_culture",886111.111111111,NA,"PFU.ml"
"15R1F",15,"N",10,"MS2_culture",90000,NA,"PFU.ml"
"15R1F",15,"N",14,"MS2_culture",80909.0909090909,NA,"PFU.ml"
"15R1F",15,"N",22,"MS2_culture",78484.8484848485,NA,"PFU.ml"
"15R1F",15,"N",3,"MS2_culture",124242.424242424,NA,"PFU.ml"
"15R1F",15,"N",7,"MS2_culture",78787.8787878788,NA,"PFU.ml"
"15R1U",15,"N",0,"MS2_culture",5787878.78787879,NA,"PFU.ml"
"15R1U",15,"N",1,"MS2_culture",346969.696969697,NA,"PFU.ml"
"15R1U",15,"N",10,"MS2_culture",690.909090909091,NA,"PFU.ml"
"15R1U",15,"N",7,"MS2_culture",10969.696969697,NA,"PFU.ml"
"15R2F",15,"N",0,"MS2_culture",9545454.54545454,NA,"PFU.ml"
"15R2F",15,"N",1,"MS2_culture",477777.777777778,NA,"PFU.ml"
"15R2F",15,"N",7,"MS2_culture",100606.060606061,NA,"PFU.ml"
"15R2U",15,"N",0,"MS2_culture",9060606.06060606,NA,"PFU.ml"
"15R2U",15,"N",1,"MS2_culture",89108.9108910891,NA,"PFU.ml"
"15R2U",15,"N",5,"MS2_culture",7242.42424242424,NA,"PFU.ml"
"20R1F",20,"N",1,"MS2_culture",563636.363636364,NA,"PFU.ml"
"20R1F",20,"N",3,"MS2_culture",64545.4545454546,NA,"PFU.ml"
"20R2F",20,"N",1,"MS2_culture",915151.515151515,NA,"PFU.ml"
"20R2F",20,"N",14,"MS2_culture",11363.6363636364,NA,"PFU.ml"
"20R2F",20,"N",5,"MS2_culture",52727.2727272727,NA,"PFU.ml"
"20R2U",20,"N",1,"MS2_culture",480000,NA,"PFU.ml"
